站点,站点代号,列表页,详情页URL模板,打开方式,占位参数,卡片热区,详情页数据接口,样例,备注
北京大数据交易所,bjidex,https://mall.bjidex.com/transaction-management/data-mall,https://mall.bjidex.com/transaction-management/data-product-details?productId={productId},新标签页（列表页 URL 不变）,productId,.product-item（标题 .product-item__title、供方 .product-item__org 均可点）,需签名鉴权：先 POST /iam/api/sms-manage/getSecretKey；直接调商品接口返 401,productId=e79998a79f7e1d49d9d23a6a91e80d43（标讯数据…）,卡片任意位置点击都跳同一 productId；详情页数据接口带签名，裸调 401
上海数据交易所,chinadep,https://nidts.chinadep.com/trading-market/product,https://nidts.chinadep.com/trading-market/product/detail?id={id}&type={type}&from=admin&productType=2,同标签路由跳转,"id, type",.ProductCardContainer,type=1 → GET /dex-api/daep/broker/product/registerDetail/{id}；type=2 → GET /dex-api/daep/broker/product/home/detail?id={id}&industryCenter=,id=6829&type=1（已登记）；id=7387&type=2（可交易）,type 必须与实际状态一致，已登记商品用 type=2 会打开空白页；productType 实测 1/2/3 无差异
杭州数据交易所,hzdex,https://mall.hzdex.cn/data-exchange,https://mall.hzdex.cn/data-exchange/{productId}?from=%2Fdata-exchange,同标签路由跳转,"productId, from",.hot-product_title__eARqw,GET https://www.hzcsds.com/api/portal-web/v3/dataProductRegister/selectByProductId?productId={productId}&dataSource=0,691330127MA28NJBQ8X3301HZ0139565,用 productId（25 位业务编码），不是 id（纯数字 117406300140097）
广东数据交易所,cantonde,https://www.cantonde.com/sjjy.html#/list,https://www.cantonde.com/sjjy.html#/detail?id={id},新标签页（hash 路由）,id,.prj-sjjy-fr（卡片内的 <a>）,"POST https://www.cantonde.com/si/sjjy/detail1  body {""CPID"": id}",id=8376,id 是自增 ID，不是 CPBH 产品编号（CDE202601CPA00114）
贵阳大数据交易所,gzdex,https://www.gzdex.com.cn/market/（自动跳转 /market/list）,https://www.gzdex.com.cn/market/detail/{id},同标签路由跳转,id,.card-title,GET https://www.gzdex.com.cn/apaas/serviceapp/v3/servicemarket/detail?serviceId={id},id=5504,详情页路径是 /market/detail/{id}，与列表页 /market/list 同级
福建大数据交易平台,fjbdex,https://trade.fjbdex.com/ltywpt/dataMarket,https://trade.fjbdex.com/ltywpt/data-market/detail?time={timestamp}&id={id}&isXxjssc={isXxjssc},同标签路由跳转,"id, time, isXxjssc",.item.item-hover,GET https://trade.fjbdex.com/ltywpt-api/api/data-portal-center/portal/catentry/queryById?id={id}&userId=&type={1|3},time=1790997234356&id=1780890734680420353&isXxjssc=false,time 为点击时刻毫秒时间戳，可省略；isXxjssc 决定接口 type：false→1、true→3
郑州数据交易中心,zzbdex,https://market.zzbdex.com/trade/product,https://market.zzbdex.com/trade/product/{productType}/{id},同标签路由跳转,"productType, id",.product-item,GET https://market.zzbdex.com/data-deal-admin/frontDeskHomePage/frontPageProductDetail/{id},/trade/product/dataSet/2056990028951306240,productType 是路径段：dataSet(365)/dataApi(156)/dataApp(45)/dataReport(1)
北方大数据交易平台,datadmz,https://exchange.datadmz.com:30101/datadmz/tradeFloor/list?removeSideBar=true,https://exchange.datadmz.com:30101/datadmz/tradeFloor/dataProductDetail/{productId}?removeSideBar=true,同标签跳转，未登录被重定向到 /datadmz/login,"productId, removeSideBar",.product-card,登录后才可见,dataProductDetail/8bf0c86cffbf4ed2b77672513bba34a7?removeSideBar=true,列表点击直接跳登录页；URL 本身 HTTP 200 有效。路由模板取自 main.ebf52252.js
海南省数据产品超市,datadex,https://transaction.datadex.cn/app/dataMarket,https://transaction.datadex.cn/app/buyApi?id={proResourceId},新标签页,id,.asset-list-item,"POST https://transaction.datadex.cn/api/resource/showResourceInfo  body {""resourceId"": proResourceId}",id=2bc5242408284b5c8017da10884d5074,所有资源类型统一走 /app/buyApi；用 proResourceId，不是 proResourceInfoId（常为空）
