交易所,站点标识,页面维度名,条目名称,筛选接口字段名,传入字段值,列表接口的字段,列表返回样例,语义归并,备注
北京,bjidex,应用领域,工业,goodsArea,0,（列表不回显）,—,制造业与工业,
北京,bjidex,应用领域,政务,goodsArea,1,（列表不回显）,—,政务与城市治理,
北京,bjidex,应用领域,医疗,goodsArea,2,（列表不回显）,—,医疗健康,
北京,bjidex,应用领域,能源,goodsArea,3,（列表不回显）,—,能源电力,
北京,bjidex,应用领域,金融,goodsArea,4,（列表不回显）,—,金融业,
北京,bjidex,应用领域,交通,goodsArea,5,（列表不回显）,—,交通运输、仓储与物流,
北京,bjidex,应用领域,文旅,goodsArea,6,（列表不回显）,—,文化旅游与文体娱乐,
北京,bjidex,应用领域,司法,goodsArea,7,（列表不回显）,—,司法与法律服务,
北京,bjidex,应用领域,跨境,goodsArea,8,（列表不回显）,—,跨境与外贸,
北京,bjidex,应用领域,电子商务,goodsArea,9,（列表不回显）,—,批发零售与电子商务,
北京,bjidex,应用领域,智能服务,goodsArea,10,（列表不回显）,—,人工智能与智能服务,
北京,bjidex,应用领域,互联网/IT/电子/通信,goodsArea,11,（列表不回显）,—,信息传输、软件与通信,
北京,bjidex,应用领域,教育,goodsArea,12,（列表不回显）,—,教育,
北京,bjidex,应用领域,交通/物流/贸易/零售,goodsArea,13,（列表不回显）,—,交通运输、仓储与物流,
北京,bjidex,应用领域,学术科研,goodsArea,14,（列表不回显）,—,科学研究与技术服务业,
北京,bjidex,应用领域,房地产,goodsArea,15,（列表不回显）,—,房地产业,
北京,bjidex,应用领域,汽车,goodsArea,16,（列表不回显）,—,汽车,
北京,bjidex,应用领域,医疗卫生,goodsArea,17,（列表不回显）,—,医疗健康,
北京,bjidex,应用领域,广告/传媒/文化/体育,goodsArea,18,（列表不回显）,—,文化旅游与文体娱乐,
北京,bjidex,应用领域,能源化工,goodsArea,19,（列表不回显）,—,能源电力,
北京,bjidex,应用领域,政府/公共事业,goodsArea,20,（列表不回显）,—,政务与城市治理,
北京,bjidex,应用领域,住宿/餐饮,goodsArea,21,（列表不回显）,—,住宿和餐饮业,
北京,bjidex,应用领域,建筑/房产,goodsArea,22,（列表不回显）,—,建筑业,
北京,bjidex,应用领域,采矿,goodsArea,23,（列表不回显）,—,采矿业,
北京,bjidex,应用领域,交通/物流,goodsArea,24,（列表不回显）,—,交通运输、仓储与物流,
北京,bjidex,应用领域,贸易/零售,goodsArea,25,（列表不回显）,—,批发零售与电子商务,
北京,bjidex,应用领域,工业制造,goodsArea,26,（列表不回显）,—,制造业与工业,
北京,bjidex,应用领域,农/林/牧/渔,goodsArea,27,（列表不回显）,—,农林牧渔,
北京,bjidex,应用领域,水力/电力/热力/燃气,goodsArea,28,（列表不回显）,—,能源电力,
北京,bjidex,应用领域,租赁/商务,goodsArea,29,（列表不回显）,—,租赁和商务服务业,
北京,bjidex,应用领域,居民服务,goodsArea,30,（列表不回显）,—,居民服务与生活服务业,另有一组「应用行业」用 goodsIndustry（国标门类码 0~19），与本维度不同；列表里的 goodsApplyScene 是自由标签词（实测 1846 种），不是应用领域字典
杭州,hzdex,应用领域,政府/公共,applicationFields,01,applicationFields / applicationFieldsCn,"[""03""] / [""医疗""]",政务与城市治理,
杭州,hzdex,应用领域,AI,applicationFields,02,applicationFields / applicationFieldsCn,"[""03""] / [""医疗""]",人工智能与智能服务,
杭州,hzdex,应用领域,医疗,applicationFields,03,applicationFields / applicationFieldsCn,"[""03""] / [""医疗""]",医疗健康,
杭州,hzdex,应用领域,信用,applicationFields,04,applicationFields / applicationFieldsCn,"[""03""] / [""医疗""]",信用服务,
杭州,hzdex,应用领域,金融,applicationFields,05,applicationFields / applicationFieldsCn,"[""03""] / [""医疗""]",金融业,
杭州,hzdex,应用领域,商业,applicationFields,06,applicationFields / applicationFieldsCn,"[""03""] / [""医疗""]",批发零售与电子商务,
杭州,hzdex,应用领域,交通,applicationFields,07,applicationFields / applicationFieldsCn,"[""03""] / [""医疗""]",交通运输、仓储与物流,
杭州,hzdex,应用领域,教育,applicationFields,08,applicationFields / applicationFieldsCn,"[""03""] / [""医疗""]",教育,
杭州,hzdex,应用领域,农业,applicationFields,09,applicationFields / applicationFieldsCn,"[""03""] / [""医疗""]",农林牧渔,
杭州,hzdex,应用领域,环保,applicationFields,10,applicationFields / applicationFieldsCn,"[""03""] / [""医疗""]",生态环保与绿色低碳,
杭州,hzdex,应用领域,统计,applicationFields,11,applicationFields / applicationFieldsCn,"[""03""] / [""医疗""]",统计与社会统计,
杭州,hzdex,应用领域,气象,applicationFields,12,applicationFields / applicationFieldsCn,"[""03""] / [""医疗""]",气象服务,
杭州,hzdex,应用领域,监管,applicationFields,13,applicationFields / applicationFieldsCn,"[""03""] / [""医疗""]",政务与城市治理,
杭州,hzdex,应用领域,科创,applicationFields,14,applicationFields / applicationFieldsCn,"[""03""] / [""医疗""]",科学研究与技术服务业,
杭州,hzdex,应用领域,通讯,applicationFields,15,applicationFields / applicationFieldsCn,"[""03""] / [""医疗""]",信息传输、软件与通信,
杭州,hzdex,应用领域,其他,applicationFields,16,applicationFields / applicationFieldsCn,"[""03""] / [""医疗""]",其他与综合,逗号分隔多值时前端显示为多个值；单值过滤，多值需多次请求
上海,chinadep,应用场景,应急管理,sectorName,应急管理,sectorName,"[""其他""]",应急管理与公共安全,
上海,chinadep,应用场景,工业制造,sectorName,工业制造,sectorName,"[""其他""]",制造业与工业,
上海,chinadep,应用场景,金融服务,sectorName,金融服务,sectorName,"[""其他""]",金融业,
上海,chinadep,应用场景,品牌营销,sectorName,品牌营销,sectorName,"[""其他""]",新闻传媒与市场营销,
上海,chinadep,应用场景,城市治理,sectorName,城市治理,sectorName,"[""其他""]",政务与城市治理,
上海,chinadep,应用场景,商贸流通,sectorName,商贸流通,sectorName,"[""其他""]",批发零售与电子商务,
上海,chinadep,应用场景,文化旅游,sectorName,文化旅游,sectorName,"[""其他""]",文化旅游与文体娱乐,
上海,chinadep,应用场景,其他,sectorName,其他,sectorName,"[""其他""]",其他与综合,
上海,chinadep,应用场景,教育服务,sectorName,教育服务,sectorName,"[""其他""]",教育,
上海,chinadep,应用场景,娱乐体育,sectorName,娱乐体育,sectorName,"[""其他""]",文化旅游与文体娱乐,
上海,chinadep,应用场景,绿色低碳,sectorName,绿色低碳,sectorName,"[""其他""]",生态环保与绿色低碳,
上海,chinadep,应用场景,交通运输,sectorName,交通运输,sectorName,"[""其他""]",交通运输、仓储与物流,
上海,chinadep,应用场景,医疗健康,sectorName,医疗健康,sectorName,"[""其他""]",医疗健康,
上海,chinadep,应用场景,科技创新,sectorName,科技创新,sectorName,"[""其他""]",科学研究与技术服务业,
上海,chinadep,应用场景,现代农业,sectorName,现代农业,sectorName,"[""其他""]",农林牧渔,
上海,chinadep,应用场景,气象服务,sectorName,气象服务,sectorName,"[""其他""]",气象服务,页面 UI 显示的条数（如金融服务 4489）与 API 回测完全一致
郑州,zzbdex,应用场景,三农,sceneCode,195,sceneName（sceneCode 恒为 null）,"""文旅,教育,综合,信用,政务,时空,交通,住建,金融,制造,三农""",农林牧渔,
郑州,zzbdex,应用场景,制造,sceneCode,196,sceneName（sceneCode 恒为 null）,"""文旅,教育,综合,信用,政务,时空,交通,住建,金融,制造,三农""",制造业与工业,
郑州,zzbdex,应用场景,金融,sceneCode,197,sceneName（sceneCode 恒为 null）,"""文旅,教育,综合,信用,政务,时空,交通,住建,金融,制造,三农""",金融业,
郑州,zzbdex,应用场景,住建,sceneCode,198,sceneName（sceneCode 恒为 null）,"""文旅,教育,综合,信用,政务,时空,交通,住建,金融,制造,三农""",建筑业,
郑州,zzbdex,应用场景,交通,sceneCode,199,sceneName（sceneCode 恒为 null）,"""文旅,教育,综合,信用,政务,时空,交通,住建,金融,制造,三农""",交通运输、仓储与物流,
郑州,zzbdex,应用场景,文旅,sceneCode,200,sceneName（sceneCode 恒为 null）,"""文旅,教育,综合,信用,政务,时空,交通,住建,金融,制造,三农""",文化旅游与文体娱乐,
郑州,zzbdex,应用场景,时空,sceneCode,201,sceneName（sceneCode 恒为 null）,"""文旅,教育,综合,信用,政务,时空,交通,住建,金融,制造,三农""",地理空间与遥感,
郑州,zzbdex,应用场景,政务,sceneCode,202,sceneName（sceneCode 恒为 null）,"""文旅,教育,综合,信用,政务,时空,交通,住建,金融,制造,三农""",政务与城市治理,
郑州,zzbdex,应用场景,零售,sceneCode,203,sceneName（sceneCode 恒为 null）,"""文旅,教育,综合,信用,政务,时空,交通,住建,金融,制造,三农""",批发零售与电子商务,
郑州,zzbdex,应用场景,医疗,sceneCode,204,sceneName（sceneCode 恒为 null）,"""文旅,教育,综合,信用,政务,时空,交通,住建,金融,制造,三农""",医疗健康,
郑州,zzbdex,应用场景,通信,sceneCode,2243,sceneName（sceneCode 恒为 null）,"""文旅,教育,综合,信用,政务,时空,交通,住建,金融,制造,三农""",信息传输、软件与通信,
郑州,zzbdex,应用场景,能源,sceneCode,2244,sceneName（sceneCode 恒为 null）,"""文旅,教育,综合,信用,政务,时空,交通,住建,金融,制造,三农""",能源电力,
郑州,zzbdex,应用场景,环保,sceneCode,2245,sceneName（sceneCode 恒为 null）,"""文旅,教育,综合,信用,政务,时空,交通,住建,金融,制造,三农""",生态环保与绿色低碳,
郑州,zzbdex,应用场景,信用,sceneCode,2246,sceneName（sceneCode 恒为 null）,"""文旅,教育,综合,信用,政务,时空,交通,住建,金融,制造,三农""",信用服务,
郑州,zzbdex,应用场景,企服,sceneCode,2247,sceneName（sceneCode 恒为 null）,"""文旅,教育,综合,信用,政务,时空,交通,住建,金融,制造,三农""",租赁和商务服务业,
郑州,zzbdex,应用场景,综合,sceneCode,2248,sceneName（sceneCode 恒为 null）,"""文旅,教育,综合,信用,政务,时空,交通,住建,金融,制造,三农""",其他与综合,
郑州,zzbdex,应用场景,教育,sceneCode,2257,sceneName（sceneCode 恒为 null）,"""文旅,教育,综合,信用,政务,时空,交通,住建,金融,制造,三农""",教育,坑点：传 dictValue（如 '01'）返回 0 条，必须传 dict.id（如 197）
广东,cantonde,行业分类,全场景,YYCJ,100,YYCJ / YYCJMC,"""1;5;24;11"" （分号分隔的代码串）",全场景/不限,
广东,cantonde,行业分类,交通运输,YYCJ,1,YYCJ / YYCJMC,"""1;5;24;11"" （分号分隔的代码串）",交通运输、仓储与物流,
广东,cantonde,行业分类,烟草,YYCJ,2,YYCJ / YYCJMC,"""1;5;24;11"" （分号分隔的代码串）",烟草,
广东,cantonde,行业分类,智慧金融,YYCJ,3,YYCJ / YYCJMC,"""1;5;24;11"" （分号分隔的代码串）",金融业,
广东,cantonde,行业分类,智能建筑,YYCJ,4,YYCJ / YYCJMC,"""1;5;24;11"" （分号分隔的代码串）",建筑业,
广东,cantonde,行业分类,安全服务,YYCJ,5,YYCJ / YYCJMC,"""1;5;24;11"" （分号分隔的代码串）",应急管理与公共安全,
广东,cantonde,行业分类,公共服务,YYCJ,6,YYCJ / YYCJMC,"""1;5;24;11"" （分号分隔的代码串）",政务与城市治理,
广东,cantonde,行业分类,法律服务,YYCJ,7,YYCJ / YYCJMC,"""1;5;24;11"" （分号分隔的代码串）",司法与法律服务,
广东,cantonde,行业分类,通信运营商,YYCJ,8,YYCJ / YYCJMC,"""1;5;24;11"" （分号分隔的代码串）",信息传输、软件与通信,
广东,cantonde,行业分类,医疗健康,YYCJ,9,YYCJ / YYCJMC,"""1;5;24;11"" （分号分隔的代码串）",医疗健康,
广东,cantonde,行业分类,知识产权,YYCJ,10,YYCJ / YYCJMC,"""1;5;24;11"" （分号分隔的代码串）",知识产权,
广东,cantonde,行业分类,智慧城市,YYCJ,11,YYCJ / YYCJMC,"""1;5;24;11"" （分号分隔的代码串）",政务与城市治理,
广东,cantonde,行业分类,新闻传媒,YYCJ,12,YYCJ / YYCJMC,"""1;5;24;11"" （分号分隔的代码串）",新闻传媒与市场营销,
广东,cantonde,行业分类,智能制造,YYCJ,13,YYCJ / YYCJMC,"""1;5;24;11"" （分号分隔的代码串）",制造业与工业,
广东,cantonde,行业分类,新零售,YYCJ,14,YYCJ / YYCJMC,"""1;5;24;11"" （分号分隔的代码串）",批发零售与电子商务,
广东,cantonde,行业分类,陶瓷,YYCJ,15,YYCJ / YYCJMC,"""1;5;24;11"" （分号分隔的代码串）",陶瓷,
广东,cantonde,行业分类,能源电力,YYCJ,16,YYCJ / YYCJMC,"""1;5;24;11"" （分号分隔的代码串）",能源电力,
广东,cantonde,行业分类,绿色低碳,YYCJ,17,YYCJ / YYCJMC,"""1;5;24;11"" （分号分隔的代码串）",生态环保与绿色低碳,
广东,cantonde,行业分类,地理遥感,YYCJ,18,YYCJ / YYCJMC,"""1;5;24;11"" （分号分隔的代码串）",地理空间与遥感,
广东,cantonde,行业分类,汽车,YYCJ,19,YYCJ / YYCJMC,"""1;5;24;11"" （分号分隔的代码串）",汽车,
广东,cantonde,行业分类,咨询服务,YYCJ,20,YYCJ / YYCJMC,"""1;5;24;11"" （分号分隔的代码串）",租赁和商务服务业,
广东,cantonde,行业分类,培训教育,YYCJ,21,YYCJ / YYCJMC,"""1;5;24;11"" （分号分隔的代码串）",教育,
广东,cantonde,行业分类,农林牧渔,YYCJ,22,YYCJ / YYCJMC,"""1;5;24;11"" （分号分隔的代码串）",农林牧渔,
广东,cantonde,行业分类,文化旅游,YYCJ,23,YYCJ / YYCJMC,"""1;5;24;11"" （分号分隔的代码串）",文化旅游与文体娱乐,
广东,cantonde,行业分类,气象服务,YYCJ,24,YYCJ / YYCJMC,"""1;5;24;11"" （分号分隔的代码串）",气象服务,
广东,cantonde,行业分类,人工智能,YYCJ,25,YYCJ / YYCJMC,"""1;5;24;11"" （分号分隔的代码串）",人工智能与智能服务,
广东,cantonde,行业分类,其他,YYCJ,99,YYCJ / YYCJMC,"""1;5;24;11"" （分号分隔的代码串）",其他与综合,接口字典 27 项，页面首屏展开列出 20 项；余下 7 项同样可用且与商品卡标签一致
海南,datadex,行业分类,农、林、牧、渔业,industry,4f70e3bff987eed986df4dd941e0bbaf,proIndustryType,列表返回恒为空值,农林牧渔,
海南,datadex,行业分类,采矿业,industry,6c81ec3b0911506fa3c2540dfdf4c795,proIndustryType,列表返回恒为空值,采矿业,
海南,datadex,行业分类,制造业,industry,872c9287c6d47d1e777200b3bde9d19a,proIndustryType,列表返回恒为空值,制造业与工业,
海南,datadex,行业分类,电力、热力、燃气及水生产和供应业,industry,ed3e750a82336caf79f506c7210c40fc,proIndustryType,列表返回恒为空值,能源电力,
海南,datadex,行业分类,建筑业,industry,1fea75deac97b01671e54a71c1477951,proIndustryType,列表返回恒为空值,建筑业,
海南,datadex,行业分类,交通运输、仓储和邮政业,industry,d25d160e738d832cb52448beb30ce585,proIndustryType,列表返回恒为空值,交通运输、仓储与物流,
海南,datadex,行业分类,信息传输、软件和信息技术服务业,industry,6da5a33a959f67b6d33a7256126cba8f,proIndustryType,列表返回恒为空值,信息传输、软件与通信,
海南,datadex,行业分类,批发和零售业,industry,5de2731f3f111b7969e4d22f91b11561,proIndustryType,列表返回恒为空值,批发零售与电子商务,
海南,datadex,行业分类,住宿和餐饮业,industry,d7a2b682cb974778e2a7a2bb211b0c29,proIndustryType,列表返回恒为空值,住宿和餐饮业,
海南,datadex,行业分类,金融业,industry,57d5e08e8e5e6d7dc09aa5b478f7aa5c,proIndustryType,列表返回恒为空值,金融业,
海南,datadex,行业分类,房地产业,industry,adbfd2943ddedf4ffdee6abe610825fd,proIndustryType,列表返回恒为空值,房地产业,
海南,datadex,行业分类,租赁和商务服务业,industry,fd2f53323aa809b1531458322d220fa4,proIndustryType,列表返回恒为空值,租赁和商务服务业,
海南,datadex,行业分类,科学研究和技术服务业,industry,8575bdc6ef45c49e3475badb5346a81d,proIndustryType,列表返回恒为空值,科学研究与技术服务业,
海南,datadex,行业分类,水利、环境和公共设施管理业,industry,c7eb10447dec90ff6212d91801173967,proIndustryType,列表返回恒为空值,生态环保与绿色低碳,
海南,datadex,行业分类,居民服务、修理和其他服务业,industry,be8896468595c7eeadf4aa382a6249c3,proIndustryType,列表返回恒为空值,居民服务与生活服务业,
海南,datadex,行业分类,教育,industry,951d360695f48281874c5c9bff141081,proIndustryType,列表返回恒为空值,教育,
海南,datadex,行业分类,卫生和社会工作,industry,6f4b340c869f5397d7b7450092d33a46,proIndustryType,列表返回恒为空值,医疗健康,
海南,datadex,行业分类,文化、体育和娱乐业,industry,614f12fea396b601dd4966e6c960bb90,proIndustryType,列表返回恒为空值,文化旅游与文体娱乐,
海南,datadex,行业分类,公共管理、社会保障和社会组织,industry,8c30bb9bdfdb567c42fa52550ad90504,proIndustryType,列表返回恒为空值,政务与城市治理,
海南,datadex,行业分类,国际组织,industry,743f2ae7f2a0cfab200e2655d38ed7ea,proIndustryType,列表返回恒为空值,国际组织,另有「场景分类」「所属领域」两组独立标签（tagFidCode = scene / productDomain）
贵阳,gzdex,使用场景,科技创新,dataDomains,4,sectors_name（sectors 恒为 0）,"""水利、环境和公共设施管理业,农、林、牧、渔业,交通运输、仓储和邮政业""",科学研究与技术服务业,
贵阳,gzdex,使用场景,智慧城市,dataDomains,26,sectors_name（sectors 恒为 0）,"""水利、环境和公共设施管理业,农、林、牧、渔业,交通运输、仓储和邮政业""",政务与城市治理,
贵阳,gzdex,使用场景,生活服务,dataDomains,28,sectors_name（sectors 恒为 0）,"""水利、环境和公共设施管理业,农、林、牧、渔业,交通运输、仓储和邮政业""",居民服务与生活服务业,
贵阳,gzdex,使用场景,其他场景,dataDomains,338,sectors_name（sectors 恒为 0）,"""水利、环境和公共设施管理业,农、林、牧、渔业,交通运输、仓储和邮政业""",其他与综合,
贵阳,gzdex,使用场景,农、林、牧、渔业,dataDomains,491,sectors_name（sectors 恒为 0）,"""水利、环境和公共设施管理业,农、林、牧、渔业,交通运输、仓储和邮政业""",农林牧渔,
贵阳,gzdex,使用场景,采矿业,dataDomains,492,sectors_name（sectors 恒为 0）,"""水利、环境和公共设施管理业,农、林、牧、渔业,交通运输、仓储和邮政业""",采矿业,
贵阳,gzdex,使用场景,制造业,dataDomains,493,sectors_name（sectors 恒为 0）,"""水利、环境和公共设施管理业,农、林、牧、渔业,交通运输、仓储和邮政业""",制造业与工业,
贵阳,gzdex,使用场景,电力、热力、燃气及水生产和供应业,dataDomains,494,sectors_name（sectors 恒为 0）,"""水利、环境和公共设施管理业,农、林、牧、渔业,交通运输、仓储和邮政业""",能源电力,
贵阳,gzdex,使用场景,建筑业,dataDomains,495,sectors_name（sectors 恒为 0）,"""水利、环境和公共设施管理业,农、林、牧、渔业,交通运输、仓储和邮政业""",建筑业,
贵阳,gzdex,使用场景,批发和零售业,dataDomains,496,sectors_name（sectors 恒为 0）,"""水利、环境和公共设施管理业,农、林、牧、渔业,交通运输、仓储和邮政业""",批发零售与电子商务,
贵阳,gzdex,使用场景,交通运输、仓储和邮政业,dataDomains,497,sectors_name（sectors 恒为 0）,"""水利、环境和公共设施管理业,农、林、牧、渔业,交通运输、仓储和邮政业""",交通运输、仓储与物流,
贵阳,gzdex,使用场景,住宿和餐饮业,dataDomains,498,sectors_name（sectors 恒为 0）,"""水利、环境和公共设施管理业,农、林、牧、渔业,交通运输、仓储和邮政业""",住宿和餐饮业,
贵阳,gzdex,使用场景,信息传输、软件和信息技术服务业,dataDomains,499,sectors_name（sectors 恒为 0）,"""水利、环境和公共设施管理业,农、林、牧、渔业,交通运输、仓储和邮政业""",信息传输、软件与通信,
贵阳,gzdex,使用场景,金融业,dataDomains,500,sectors_name（sectors 恒为 0）,"""水利、环境和公共设施管理业,农、林、牧、渔业,交通运输、仓储和邮政业""",金融业,
贵阳,gzdex,使用场景,房地产业,dataDomains,501,sectors_name（sectors 恒为 0）,"""水利、环境和公共设施管理业,农、林、牧、渔业,交通运输、仓储和邮政业""",房地产业,
贵阳,gzdex,使用场景,租赁和商务服务业,dataDomains,502,sectors_name（sectors 恒为 0）,"""水利、环境和公共设施管理业,农、林、牧、渔业,交通运输、仓储和邮政业""",租赁和商务服务业,
贵阳,gzdex,使用场景,科学研究和技术服务业,dataDomains,503,sectors_name（sectors 恒为 0）,"""水利、环境和公共设施管理业,农、林、牧、渔业,交通运输、仓储和邮政业""",科学研究与技术服务业,
贵阳,gzdex,使用场景,水利、环境和公共设施管理业,dataDomains,504,sectors_name（sectors 恒为 0）,"""水利、环境和公共设施管理业,农、林、牧、渔业,交通运输、仓储和邮政业""",生态环保与绿色低碳,
贵阳,gzdex,使用场景,居民服务、修理和其他服务业,dataDomains,505,sectors_name（sectors 恒为 0）,"""水利、环境和公共设施管理业,农、林、牧、渔业,交通运输、仓储和邮政业""",居民服务与生活服务业,
贵阳,gzdex,使用场景,教育,dataDomains,506,sectors_name（sectors 恒为 0）,"""水利、环境和公共设施管理业,农、林、牧、渔业,交通运输、仓储和邮政业""",教育,
贵阳,gzdex,使用场景,卫生和社会工作,dataDomains,507,sectors_name（sectors 恒为 0）,"""水利、环境和公共设施管理业,农、林、牧、渔业,交通运输、仓储和邮政业""",医疗健康,
贵阳,gzdex,使用场景,文化、体育和娱乐业,dataDomains,508,sectors_name（sectors 恒为 0）,"""水利、环境和公共设施管理业,农、林、牧、渔业,交通运输、仓储和邮政业""",文化旅游与文体娱乐,
贵阳,gzdex,使用场景,公共管理、社会保障和社会组织,dataDomains,509,sectors_name（sectors 恒为 0）,"""水利、环境和公共设施管理业,农、林、牧、渔业,交通运输、仓储和邮政业""",政务与城市治理,
贵阳,gzdex,使用场景,国际组织,dataDomains,510,sectors_name（sectors 恒为 0）,"""水利、环境和公共设施管理业,农、林、牧、渔业,交通运输、仓储和邮政业""",国际组织,参数是复数 dataDomains，写成单数 dataDomain 会被静默忽略（返回全量 2018 条）
福建,fjbdex,所属行业,电力、热力、燃气及水生产和供应业,industryInvolved,22ce692367aa4f11b331675a0d069697,（列表不回显）,仅返回 category/attribute/themeId，与行业无关,能源电力,
福建,fjbdex,所属行业,水利、环境和公共设施管理业,industryInvolved,74c5130ad6b1494799600151a0763553,（列表不回显）,仅返回 category/attribute/themeId，与行业无关,生态环保与绿色低碳,
福建,fjbdex,所属行业,教育,industryInvolved,a1c35ee7645747cb8e701b7eacc1b9d5,（列表不回显）,仅返回 category/attribute/themeId，与行业无关,教育,
福建,fjbdex,所属行业,卫生和社会工作,industryInvolved,27cc2652dcb845f7925368a773266c32,（列表不回显）,仅返回 category/attribute/themeId，与行业无关,医疗健康,
福建,fjbdex,所属行业,其他,industryInvolved,9046d122b2b74f69ab961db41d561517,（列表不回显）,仅返回 category/attribute/themeId，与行业无关,其他与综合,
福建,fjbdex,所属行业,制造业,industryInvolved,4fc6abd83a7c484aa78a377d5f3a1075,（列表不回显）,仅返回 category/attribute/themeId，与行业无关,制造业与工业,
福建,fjbdex,所属行业,文化、体育和娱乐业,industryInvolved,1abaacb59d2445f29f548c8a017ae6b4,（列表不回显）,仅返回 category/attribute/themeId，与行业无关,文化旅游与文体娱乐,
福建,fjbdex,所属行业,交通运输、仓储和邮政业,industryInvolved,138306c78f624fe5baf013819c3ccbc8,（列表不回显）,仅返回 category/attribute/themeId，与行业无关,交通运输、仓储与物流,
福建,fjbdex,所属行业,建筑业,industryInvolved,5b1b3af8977742a9ac5f5b5399cd47de,（列表不回显）,仅返回 category/attribute/themeId，与行业无关,建筑业,
福建,fjbdex,所属行业,信息传输、软件和信息技术服务业,industryInvolved,9ae9180b8c1c48359fdf3d6237726e43,（列表不回显）,仅返回 category/attribute/themeId，与行业无关,信息传输、软件与通信,
福建,fjbdex,所属行业,科学研究和技术服务业,industryInvolved,23b0ac091a374152b098a557b64ce3ae,（列表不回显）,仅返回 category/attribute/themeId，与行业无关,科学研究与技术服务业,
福建,fjbdex,所属行业,批发和零售业,industryInvolved,c4098a5616c94b2d97cd1a7600b0f4e6,（列表不回显）,仅返回 category/attribute/themeId，与行业无关,批发零售与电子商务,
福建,fjbdex,所属行业,房地产业,industryInvolved,e11d30bc59404b238571849b0d53f906,（列表不回显）,仅返回 category/attribute/themeId，与行业无关,房地产业,
福建,fjbdex,所属行业,金融业,industryInvolved,bed80cc07f6b4dff959bbc1e8a68f126,（列表不回显）,仅返回 category/attribute/themeId，与行业无关,金融业,
福建,fjbdex,所属行业,公共管理、社会保障和社会组织,industryInvolved,8f3325f6e80943c4bbc6b4f963c0a464,（列表不回显）,仅返回 category/attribute/themeId，与行业无关,政务与城市治理,
福建,fjbdex,所属行业,农、林、牧、渔业,industryInvolved,11017935448d4ed5aa7d61fe677cd688,（列表不回显）,仅返回 category/attribute/themeId，与行业无关,农林牧渔,
福建,fjbdex,所属行业,租赁和商务服务业,industryInvolved,85fb3760e5a04122b46418d56c07bff1,（列表不回显）,仅返回 category/attribute/themeId，与行业无关,租赁和商务服务业,
福建,fjbdex,所属行业,采矿业,industryInvolved,8a53a767da8c426eae52261f1dd4495f,（列表不回显）,仅返回 category/attribute/themeId，与行业无关,采矿业,筛选确实生效（如教育 → 7 条），但列表接口不回显行业字段
北方,datadmz,应用行业,农业,useIndustry,A01,useIndustry / useIndustryName,"""A03"" / ""能源""",农林牧渔,
北方,datadmz,应用行业,制造业,useIndustry,A02,useIndustry / useIndustryName,"""A03"" / ""能源""",制造业与工业,
北方,datadmz,应用行业,能源,useIndustry,A03,useIndustry / useIndustryName,"""A03"" / ""能源""",能源电力,
北方,datadmz,应用行业,交通,useIndustry,A04,useIndustry / useIndustryName,"""A03"" / ""能源""",交通运输、仓储与物流,
北方,datadmz,应用行业,物流,useIndustry,A05,useIndustry / useIndustryName,"""A03"" / ""能源""",交通运输、仓储与物流,
北方,datadmz,应用行业,旅游,useIndustry,A06,useIndustry / useIndustryName,"""A03"" / ""能源""",文化旅游与文体娱乐,
北方,datadmz,应用行业,金融,useIndustry,A11,useIndustry / useIndustryName,"""A03"" / ""能源""",金融业,
北方,datadmz,应用行业,房地产,useIndustry,A12,useIndustry / useIndustryName,"""A03"" / ""能源""",房地产业,
北方,datadmz,应用行业,建筑,useIndustry,A13,useIndustry / useIndustryName,"""A03"" / ""能源""",建筑业,
北方,datadmz,应用行业,生活服务,useIndustry,A14,useIndustry / useIndustryName,"""A03"" / ""能源""",居民服务与生活服务业,
北方,datadmz,应用行业,电商,useIndustry,A15,useIndustry / useIndustryName,"""A03"" / ""能源""",批发零售与电子商务,
北方,datadmz,应用行业,生态环保,useIndustry,A16,useIndustry / useIndustryName,"""A03"" / ""能源""",生态环保与绿色低碳,
北方,datadmz,应用行业,科研教育,useIndustry,A17,useIndustry / useIndustryName,"""A03"" / ""能源""",科学研究与技术服务业,
北方,datadmz,应用行业,医疗健康,useIndustry,A18,useIndustry / useIndustryName,"""A03"" / ""能源""",医疗健康,
北方,datadmz,应用行业,舆情,useIndustry,A19,useIndustry / useIndustryName,"""A03"" / ""能源""",新闻传媒与市场营销,
北方,datadmz,应用行业,政务,useIndustry,A20,useIndustry / useIndustryName,"""A03"" / ""能源""",政务与城市治理,
北方,datadmz,应用行业,地理空间,useIndustry,A21,useIndustry / useIndustryName,"""A03"" / ""能源""",地理空间与遥感,
北方,datadmz,应用行业,社会统计,useIndustry,A22,useIndustry / useIndustryName,"""A03"" / ""能源""",统计与社会统计,
北方,datadmz,应用行业,外贸,useIndustry,A23,useIndustry / useIndustryName,"""A03"" / ""能源""",跨境与外贸,
北方,datadmz,应用行业,信用,useIndustry,A24,useIndustry / useIndustryName,"""A03"" / ""能源""",信用服务,
北方,datadmz,应用行业,司法,useIndustry,A25,useIndustry / useIndustryName,"""A03"" / ""能源""",司法与法律服务,
北方,datadmz,应用行业,通信,useIndustry,A26,useIndustry / useIndustryName,"""A03"" / ""能源""",信息传输、软件与通信,
北方,datadmz,应用行业,咨询,useIndustry,A27,useIndustry / useIndustryName,"""A03"" / ""能源""",租赁和商务服务业,
北方,datadmz,应用行业,企业,useIndustry,A28,useIndustry / useIndustryName,"""A03"" / ""能源""",租赁和商务服务业,只认 id，传中文名返回空；另有 useScene/useSceneStr 表示使用场景
