统一维度,覆盖站点数,覆盖站点,原始条目数,各站点原始写法
制造业与工业,8,上海、北京、北方、广东、海南、福建、贵阳、郑州,9,北京·工业；北京·工业制造；上海·工业制造；郑州·制造；广东·智能制造；海南·制造业；贵阳·制造业；福建·制造业；北方·制造业
政务与城市治理,9,上海、北京、北方、广东、杭州、海南、福建、贵阳、郑州,13,北京·政务；北京·政府/公共事业；杭州·政府/公共；杭州·监管；上海·城市治理；郑州·政务；广东·公共服务；广东·智慧城市；海南·公共管理、社会保障和社会组织；贵阳·智慧城市；贵阳·公共管理、社会保障和社会组织；福建·公共管理、社会保障和社会组织；北方·政务
医疗健康,9,上海、北京、北方、广东、杭州、海南、福建、贵阳、郑州,10,北京·医疗；北京·医疗卫生；杭州·医疗；上海·医疗健康；郑州·医疗；广东·医疗健康；海南·卫生和社会工作；贵阳·卫生和社会工作；福建·卫生和社会工作；北方·医疗健康
能源电力,7,北京、北方、广东、海南、福建、贵阳、郑州,9,北京·能源；北京·能源化工；北京·水力/电力/热力/燃气；郑州·能源；广东·能源电力；海南·电力、热力、燃气及水生产和供应业；贵阳·电力、热力、燃气及水生产和供应业；福建·电力、热力、燃气及水生产和供应业；北方·能源
金融业,9,上海、北京、北方、广东、杭州、海南、福建、贵阳、郑州,9,北京·金融；杭州·金融；上海·金融服务；郑州·金融；广东·智慧金融；海南·金融业；贵阳·金融业；福建·金融业；北方·金融
交通运输、仓储与物流,9,上海、北京、北方、广东、杭州、海南、福建、贵阳、郑州,12,北京·交通；北京·交通/物流/贸易/零售；北京·交通/物流；杭州·交通；上海·交通运输；郑州·交通；广东·交通运输；海南·交通运输、仓储和邮政业；贵阳·交通运输、仓储和邮政业；福建·交通运输、仓储和邮政业；北方·交通；北方·物流
文化旅游与文体娱乐,8,上海、北京、北方、广东、海南、福建、贵阳、郑州,10,北京·文旅；北京·广告/传媒/文化/体育；上海·文化旅游；上海·娱乐体育；郑州·文旅；广东·文化旅游；海南·文化、体育和娱乐业；贵阳·文化、体育和娱乐业；福建·文化、体育和娱乐业；北方·旅游
司法与法律服务,3,北京、北方、广东,3,北京·司法；广东·法律服务；北方·司法
跨境与外贸,2,北京、北方,2,北京·跨境；北方·外贸
批发零售与电子商务,9,上海、北京、北方、广东、杭州、海南、福建、贵阳、郑州,10,北京·电子商务；北京·贸易/零售；杭州·商业；上海·商贸流通；郑州·零售；广东·新零售；海南·批发和零售业；贵阳·批发和零售业；福建·批发和零售业；北方·电商
人工智能与智能服务,3,北京、广东、杭州,3,北京·智能服务；杭州·AI；广东·人工智能
信息传输、软件与通信,8,北京、北方、广东、杭州、海南、福建、贵阳、郑州,8,北京·互联网/IT/电子/通信；杭州·通讯；郑州·通信；广东·通信运营商；海南·信息传输、软件和信息技术服务业；贵阳·信息传输、软件和信息技术服务业；福建·信息传输、软件和信息技术服务业；北方·通信
教育,8,上海、北京、广东、杭州、海南、福建、贵阳、郑州,8,北京·教育；杭州·教育；上海·教育服务；郑州·教育；广东·培训教育；海南·教育；贵阳·教育；福建·教育
科学研究与技术服务业,7,上海、北京、北方、杭州、海南、福建、贵阳,8,北京·学术科研；杭州·科创；上海·科技创新；海南·科学研究和技术服务业；贵阳·科技创新；贵阳·科学研究和技术服务业；福建·科学研究和技术服务业；北方·科研教育
房地产业,5,北京、北方、海南、福建、贵阳,5,北京·房地产；海南·房地产业；贵阳·房地产业；福建·房地产业；北方·房地产
汽车,2,北京、广东,2,北京·汽车；广东·汽车
住宿和餐饮业,3,北京、海南、贵阳,3,北京·住宿/餐饮；海南·住宿和餐饮业；贵阳·住宿和餐饮业
建筑业,7,北京、北方、广东、海南、福建、贵阳、郑州,7,北京·建筑/房产；郑州·住建；广东·智能建筑；海南·建筑业；贵阳·建筑业；福建·建筑业；北方·建筑
采矿业,4,北京、海南、福建、贵阳,4,北京·采矿；海南·采矿业；贵阳·采矿业；福建·采矿业
农林牧渔,9,上海、北京、北方、广东、杭州、海南、福建、贵阳、郑州,9,北京·农/林/牧/渔；杭州·农业；上海·现代农业；郑州·三农；广东·农林牧渔；海南·农、林、牧、渔业；贵阳·农、林、牧、渔业；福建·农、林、牧、渔业；北方·农业
租赁和商务服务业,7,北京、北方、广东、海南、福建、贵阳、郑州,8,北京·租赁/商务；郑州·企服；广东·咨询服务；海南·租赁和商务服务业；贵阳·租赁和商务服务业；福建·租赁和商务服务业；北方·咨询；北方·企业
居民服务与生活服务业,4,北京、北方、海南、贵阳,5,北京·居民服务；海南·居民服务、修理和其他服务业；贵阳·生活服务；贵阳·居民服务、修理和其他服务业；北方·生活服务
信用服务,3,北方、杭州、郑州,3,杭州·信用；郑州·信用；北方·信用
生态环保与绿色低碳,8,上海、北方、广东、杭州、海南、福建、贵阳、郑州,8,杭州·环保；上海·绿色低碳；郑州·环保；广东·绿色低碳；海南·水利、环境和公共设施管理业；贵阳·水利、环境和公共设施管理业；福建·水利、环境和公共设施管理业；北方·生态环保
统计与社会统计,2,北方、杭州,2,杭州·统计；北方·社会统计
气象服务,3,上海、广东、杭州,3,杭州·气象；上海·气象服务；广东·气象服务
其他与综合,6,上海、广东、杭州、福建、贵阳、郑州,6,杭州·其他；上海·其他；郑州·综合；广东·其他；贵阳·其他场景；福建·其他
应急管理与公共安全,2,上海、广东,2,上海·应急管理；广东·安全服务
新闻传媒与市场营销,3,上海、北方、广东,3,上海·品牌营销；广东·新闻传媒；北方·舆情
地理空间与遥感,3,北方、广东、郑州,3,郑州·时空；广东·地理遥感；北方·地理空间
全场景/不限,1,广东,1,广东·全场景
烟草,1,广东,1,广东·烟草
知识产权,1,广东,1,广东·知识产权
陶瓷,1,广东,1,广东·陶瓷
国际组织,2,海南、贵阳,2,海南·国际组织；贵阳·国际组织
